label,Year,Month,include,freq,fixfreq,freqerr,Amp noise level,amp,fixamp,amperr,phase,brute,fixphase,phaseerr,Multiplet Freq,Multiplet Difference,Combination Difference,Combination Sum,Periods
f8193,2013,0,,803.2858,,0.0374,0,2.1232,,0.21304,,,,,,,,,1244.886938
f0614,1989,10,TRUE,805.7562085,FALSE,0.044815264,1.792425168,2.315780831,FALSE,0.225070226,0.694650927,FALSE,FALSE,0.015463631,,,,,
f6055,1993,9,,806.52,,,0,1.9,,,,,,,,,,,1239.895
f3318,1993,11,TRUE,810.3916994,FALSE,0.233682326,3.717362656,3.722929048,FALSE,0.47428622,0.121571359,FALSE,FALSE,0.020368199,,,,,
f8170,2013,0,,822.0452,,0.0286,0,2.6043,,0.2126,,,,,,,,,1216.478121
f0110,1985,9,TRUE,854.3923118,FALSE,0.221048471,3.93177497,5.531410605,FALSE,0.814195081,0.230534759,FALSE,FALSE,0.023506926,,,,,
f1109,1988,10,,860.5163,,0.2239,0,1.431,,,,,,,,,,,1162.093036
f1011,1988,12,,870.3059,,0.0071,0,2.768,,,,,,,,,,,1149.021281
f6056,1993,9,,871.884,,,0,3.7,,,,,,,,,,,1146.942
f1110,1988,10,,878.5084,,0.3968,0,0.69757,,,,,,,,,,,1138.293043
f9220,2022,9,TRUE,894.4865875,FALSE,0.020681089,0.664442269,0.746133105,FALSE,0.069236308,0.136736461,FALSE,FALSE,0.014772936,,,,,
f1012,1988,12,,901.2407,,0.0096,0,2.2561,,,,,,,,,,,1109.581491
f3314,1993,11,TRUE,903.9684985,FALSE,0.137045761,3.717362656,6.361177875,FALSE,0.476465098,0.239217226,FALSE,FALSE,0.011951641,,,,,
f4120,2003,0,TRUE,919.2669175,FALSE,0.042772626,2.283799702,3.289517721,FALSE,0.327115177,0.910992122,FALSE,FALSE,0.015841252,,,,,
f0629,1989,10,TRUE,925.6618698,FALSE,0.050340593,1.792425168,2.067711424,FALSE,0.224908664,0.198133369,FALSE,FALSE,0.017453576,,,,,
f1013,1988,12,,939.5149,,0.0079,0,3.0993,,,,,,,,,,,1064.379075
f8180,2013,0,,955.4277,,0.0325,0,2.4501,,0.21891,,,,,f8179,8.102,,,1046.651672
f8179,2013,0,,963.5297,,0.0318,0,2.5018,,0.21789,,,,,"f8166, f8180","9.29809999999997, 8.10200000000009",,,1037.850727
f8166,2013,0,,972.8278,,0.0263,0,2.9627,,0.2191,,,,,f8179,9.2981,,,1027.931151
f1014,1988,12,,975.0835,,0.0088,0,2.5057,,,,,,,,,,,1025.553196
f0404,1989,12,TRUE,976.4439213,FALSE,0.034215396,2.763154899,9.014925807,FALSE,0.356619699,0.577681758,FALSE,FALSE,0.006274566,,,,,
f0309,1989,8,TRUE,1006.528125,FALSE,0.059241043,1.81786994,2.045091178,FALSE,0.257000957,0.524824485,FALSE,FALSE,0.020574452,,,,,
f9222,2022,9,TRUE,1006.626502,FALSE,0.018073736,0.664442269,0.855618414,FALSE,0.069324158,0.540290372,FALSE,FALSE,0.012900953,f9221,6.37355901,,,
f8144,2013,0,,1008.3352,,0.018,0,4.7903,,0.24108,,,,,f8138,0.5974,,,991.7337013
f8138,2013,0,,1008.9326,,0.0232,0,3.6081,,0.23964,,,,,f8144,0.5974,,,991.1464849
f0013,1975,0,TRUE,1009.006511,FALSE,8.013524569,4.894468264,6.526132343,FALSE,1.288577707,0.868708417,FALSE,FALSE,0.029180019,,,,,
f9221,2022,9,TRUE,1013.000061,FALSE,0.006829373,0.664442269,2.264262699,FALSE,0.069332447,0.174767655,FALSE,FALSE,0.004874415,f9222,6.37355901,,,
f9003,2018,0,,1013.34,,0.015,0,8.7,,0.5,,,,,,,,,
f0615,1989,10,TRUE,1022.344787,FALSE,0.048378736,1.792425168,2.174180945,FALSE,0.223167004,0.823237929,FALSE,FALSE,0.016665678,,,,,
f8146,2013,0,,1025.6262,,0.0212,0,4.0303,,0.23551,,,,,"f8126, f8191","0.870800000000144, 6.416300000000092",,,975.0140938
f8126,2013,0,,1026.497,,0.0153,0,5.745,,0.23635,,,,,"f8146, f8191","0.870800000000144, 5.545499999999947",,,974.1869679
f1402,1990,10,TRUE,1027.572981,FALSE,0.019331638,3.552673163,6.65234546,FALSE,0.56318014,0.036305341,FALSE,FALSE,0.013723093,,,,,
f8191,2013,0,,1032.0425,,0.0379,0,2.5405,,0.23327,,,,,"f8126, f8146","5.54549999999994, 6.416300000000092",,,968.9523445
f8219,2017,10,TRUE,1035.289701,FALSE,0.12593457,4.970141408,5.297974576,FALSE,1.058609683,0.530621706,FALSE,FALSE,0.031785746,,,,,
f8125,2013,0,,1042.9757,,0.0146,0,5.9099,,0.25449,,,,,f8129,3.4234,,,958.795109
f1015,1988,12,,1043.0156,,0.0096,0,2.649,,,,,,,,,,,958.7584308
f8129,2013,0,,1046.3991,,0.025,0,3.9073,,0.23406,,,,,"f8125, f8145, f8167","3.42340000000012, 9.568699999999808, 7.175999999999931",,,955.6583143
f8167,2013,0,,1053.5751,,0.0326,0,2.645,,0.22718,,,,,"f8129, f8145","7.17599999999993, 2.392699999999877",,,949.1492348
f8145,2013,0,,1055.9678,,0.0213,0,4.2123,,0.24624,,,,,"f8129, f8167","9.5686999999998, 2.392699999999877",,,946.9985733
f0308,1989,8,TRUE,1061.013465,FALSE,0.046168055,1.81786994,2.649885478,FALSE,0.257262337,0.353442003,FALSE,FALSE,0.016069939,,,,,
f8100,2013,8,TRUE,1063.259369,FALSE,0.132220613,6.961304592,43.01233525,FALSE,1.026167576,0.558134652,FALSE,FALSE,0.003811727,,,,,
f9223,2022,9,TRUE,1064.348609,FALSE,0.013109511,0.664442269,1.17700996,FALSE,0.069237849,0.275093978,FALSE,FALSE,0.009364893,,,,,
f0007,1975,0,TRUE,1065.2359,FALSE,5.236781823,4.894468264,9.934103055,FALSE,1.307773907,0.412418478,FALSE,FALSE,0.019232932,,,,,
f3313,1993,11,TRUE,1067.116019,FALSE,0.16570851,3.717362656,5.671328367,FALSE,0.50164254,0.168719859,FALSE,FALSE,0.01344347,,,,,
f3202,1993,7,TRUE,1070.349111,FALSE,8.907701045,7.980671967,14.2796425,FALSE,0.789195171,0.402434515,FALSE,FALSE,0.008719513,,,,,
f0628,1989,10,TRUE,1073.574337,FALSE,0.046486628,1.792425168,2.326151442,FALSE,0.224111686,0.68781566,FALSE,FALSE,0.015953675,,,,,
f2402,1991,10,TRUE,1075.568804,FALSE,0.11204347,2.956300422,12.20813139,FALSE,0.385040724,0.110201393,FALSE,FALSE,0.004958273,,,,,
f2504,1991,11,TRUE,1081.079693,FALSE,0.037714863,2.161875091,8.056880898,FALSE,0.257833586,0.168967351,FALSE,FALSE,0.005092252,,,,,
f1104,1990,8,TRUE,1085.472615,FALSE,0.047335297,2.452934811,6.542472773,FALSE,0.391268568,0.082654596,FALSE,FALSE,0.009535915,,,,,
f4107,2003,0,TRUE,1087.061487,FALSE,0.014311533,2.283799702,9.866626072,FALSE,0.327817566,0.953409085,FALSE,FALSE,0.005311049,,,,,
f6019,1988,11,,1092.366,,,0,5.9,,,,,,,,,,,915.444
f7001,2008,9,TRUE,1092.398131,,0.03134891,0,4.18506472,,,,,,,"f7002, f7003","4.43899459999988, 5.179563129999906",,,915.4171651
f7003,2008,9,TRUE,1097.577694,,0.08516339,0,7.13709051,,,,,,,"f7001, f7002","5.1795631299999, 0.7405685300000187",,,911.0972331
f1112,1988,10,,1097.9369,,0.232,0,1.2862,,,,,,,f1113,3.6016,,,910.7991543
f0501,1989,11,TRUE,1099.938582,FALSE,0.029568638,3.381870344,9.53679022,FALSE,0.378383902,0.743960138,FALSE,FALSE,0.006147267,,,,,
f1016,1988,12,,1100.5109,,0.0075,0,4.0261,,,,,,,,,,,908.6688737
f1113,1988,10,,1101.5385,,0.1793,0,1.733,,,,,,,f1112,3.6016,,,907.8211974
f9113,2021,8,TRUE,1106.831729,FALSE,0.014219111,0.9027398,1.433941813,FALSE,0.087113707,0.929096896,FALSE,FALSE,0.009670296,,,,,
f7004,2008,9,TRUE,1110.294873,,0.49473424,0,6.33827692,,,,,,,"f7005, f7006, f7007, f7008","0.888374139999996, 2.3363986399999703, 2.65824403999999, 4.99372587000016",,,900.6616391
f7005,2008,9,TRUE,1111.183247,,0.96311581,0,9.81759654,,,,,,,"f7004, f7006, f7007, f7008","0.888374139999996, 1.448024499999974, 1.7698699000000033, 4.105351730000166",,,899.9415737
f9201,2022,9,TRUE,1111.923681,FALSE,0.001125005,0.664442269,11.70811902,FALSE,0.069257481,0.697227132,FALSE,FALSE,0.000941241,,,,,
f8119,2013,0,,1112.5193,,0.0163,0,6.3681,,0.23925,,,,,"f8135, f8150","2.55190000000015, 9.514200000000073",,,898.8608108
f7006,2008,9,TRUE,1112.631271,,0.58906229,0,14.54113482,,,,,,,"f7004, f7005, f7007, f7008","2.33639863999997, 1.448024499999974, 0.32184540000002926, 2.6573272300001918",,,898.7703524
f9001,2018,0,,1112.656,,0.005,0,29.3,,0.5,,,,,,,,,
f7007,2008,9,TRUE,1112.953117,,0.0145455,0,9.65984046,,,,,,,"f7004, f7005, f7006, f7008","2.65824403999999, 1.7698699000000033, 0.32184540000002926, 2.3354818300001625",,,898.5104447
f9013,2020,0,,1114.6,,0.01,0,9.1,,0.3,,,,,,,,,
f8135,2013,0,,1115.0712,,0.0223,0,4.194,,0.23234,,,,,"f8119, f8150, f8190","2.55190000000015, 6.962299999999914, 7.77800000000002",,,896.8037198
f7008,2008,9,TRUE,1115.288599,,0.63849643,0,6.78427127,,,,,,,"f7004, f7005, f7006, f7007","4.99372587000016, 4.105351730000166, 2.6573272300001918, 2.3354818300001625",,,896.6289095
f6057,1993,9,,1118.52,,,0,14,,,,,,,,,,,894.039
f1017,1988,12,,1119.946,,0.009,0,2.222,,,,,,,,,,,892.9001934
f0612,1989,10,TRUE,1121.212658,FALSE,0.038055037,1.792425168,2.818090024,FALSE,0.225450022,0.693451776,FALSE,FALSE,0.01313466,,,,,
f0400,1989,12,TRUE,1121.392094,FALSE,0.021302903,2.763154899,14.68543162,FALSE,0.360532421,0.347799899,FALSE,FALSE,0.003881665,,,,,
f8150,2013,0,,1122.0335,,0.0346,0,2.8588,,0.26239,,,,,"f8119, f8135, f8190","9.51420000000007, 6.962299999999914, 0.8157000000001062",,,891.2389871
f8190,2013,0,,1122.8492,,0.0313,0,3.3689,,0.34805,,,,,"f8135, f8150","7.77800000000002, 0.8157000000001062",,,890.5915416
f7009,2008,9,TRUE,1125.894345,,0.52358357,0,5.06521854,,,,,,,f7010,1.66192006,,,888.1828072
f7010,2008,9,TRUE,1127.556265,,0.56849031,0,8.33287388,,,,,,,f7009,1.66192006,,,886.8737028
f8124,2013,0,,1134.4346,,0.0139,0,8.5746,,0.32705,,,,,,,,,881.496386
f3311,1993,11,TRUE,1137.831349,FALSE,0.122579898,3.717362656,8.366099955,FALSE,0.502604303,0.051755392,FALSE,FALSE,0.009304589,,,,,
f4001,1994,5,TRUE,1141.219858,FALSE,0.179394235,9.062693998,33.1357129,FALSE,2.378285205,0.744663797,FALSE,FALSE,0.010786603,,,,,
f8106,2013,0,,1146.6979,,0.012,0,11.607,,0.30906,,,,,"f8113, f8115, f8130, f8131","8.42200000000002, 1.5, 6.126800000000003, 8.878900000000158",,,872.0692651
f2008,1989,7,,1147.2785,,0.2339,0,3.9531,,0.35156,,,,,,,,,
f8115,2013,0,,1148.1979,,0.0324,0,4.9563,,0.26516,,,,,"f8106, f8108, f8113, f8130, f8131","1.5, 9.388700000000199, 6.9220000000000255, 4.626800000000003, 7.378900000000158",,,870.9300026
f9225,2022,9,TRUE,1151.53762,FALSE,0.005520006,0.664442269,2.796193476,FALSE,0.069256512,0.455695434,FALSE,FALSE,0.003942827,,,,,
f8130,2013,0,,1152.8247,,0.0328,0,4.2,,0.30375,,,,,"f8100, f8106, f8108, f8109, f8113, f8115, f8131","9.67960000000016,  6.126800000000003, 4.761900000000196, 8.968900000000076, 2.2952000000000226, 4.626800000000003, 2.752100000000155",,,867.4345718
f2401,1991,10,TRUE,1153.740586,FALSE,0.090333937,2.956300422,15.76588924,FALSE,0.395089421,0.669463706,FALSE,FALSE,0.003930891,,,,,
f8113,2013,0,,1155.1199,,0.0384,0,8.6561,,0.88332,,,,,"f8100, f8106, f8108, f8109, f8115, f8130, f8131, f8178","7.38440000000014, 8.422000000000025, 2.4667000000001735, 6.6737000000000535, 6.9220000000000255, 2.2952000000000226, 0.4569000000001324, 8.130100000000084",,,865.7109968
f8131,2013,0,,1155.5768,,0.0515,0,6.339,,0.9109,,,,,"f8100, f8106, f8108, f8109, f8113, f8115, f8130, f8178","6.9275, 8.878900000000158, 2.009800000000041, 6.216799999999921, 0.4569000000001324, 7.378900000000158, 2.752100000000155, 7.673199999999952",,,865.3687059
f8108,2013,0,,1157.5866,,0.0138,0,10.928,,0.35084,,,,,"f8100, f8109, f8113, f8115, f8130, f8131, f8178","4.91769999999996, 4.20699999999988, 2.4667000000001735, 9.388700000000199, 4.761900000000196, 2.009800000000041, 5.6633999999999105",,,863.8662542
f2300,1991,9,TRUE,1161.433406,FALSE,0.007194872,3.814605342,43.93166359,FALSE,0.289025082,0.372670838,FALSE,FALSE,0.001041127,,,,,
f8109,2013,0,,1161.7936,,0.0199,0,9.766,,0.42316,,,,,"f8100, f8108, f8113, f8116, f8130, f8131, f8177, f8178","0.710700000000088, 4.20699999999988, 6.6737000000000535, 4.448900000000094, 8.968900000000076, 6.216799999999921, 7.872700000000123, 1.4564000000000306",,,860.7380864
f8200,2017,10,TRUE,1162.053103,FALSE,0.019228909,4.970141408,34.92267948,FALSE,1.060173737,0.863825204,FALSE,FALSE,0.004843105,,,,,
f8100,2013,0,,1162.5043,,0.0114,0,22.893,,0.35144,,,,,"f8108, f8109, f8113, f8116, f8130, f8131, f8177, f8178","4.91769999999996, 0.710700000000088, 7.3844000000001415, 3.738200000000006, 9.679600000000164, 6.927500000000009, 7.162000000000035, 0.7456999999999425",,,860.2118719
f8000,2012,0,TRUE,1162.519487,FALSE,0.004105982,1.968314894,26.20962927,FALSE,0.311173444,0.378836177,FALSE,FALSE,0.001887793,,,,,
f8178,2013,0,,1163.25,,0.0599,0,3.5948,,0.3525,,,,,"f8100, f8108, f8109, f8113, f8116, f8131, f8177","0.745699999999942, 5.6633999999999105, 1.4564000000000306, 8.130100000000084, 2.9925000000000637, 7.673199999999952, 6.416300000000092",,,859.6604341
f6000,1985,8,,1163.28,,,0,24.6,,,,,,,,,,,859.638
f9018,2020,0,,1164.05,,0.02,0,4.4,,0.3,,,,,f9017,2.46,,,
f9224,2022,9,TRUE,1164.315524,FALSE,0.003723863,0.664442269,4.145615816,FALSE,0.069264693,0.928490429,FALSE,FALSE,0.002659884,,,,,
f0201,1985,10,TRUE,1164.468445,FALSE,0.007621988,4.710128817,26.40983107,FALSE,0.501242776,0.125133969,FALSE,FALSE,0.003021415,,,,,
f0100,1985,9,TRUE,1164.49482,FALSE,0.032898648,3.93177497,39.38946434,FALSE,0.824623364,0.12419234,FALSE,FALSE,0.003316917,,,,,
f1101,1990,8,TRUE,1165.317542,FALSE,0.016026346,2.452934811,19.36302209,FALSE,0.391353701,0.527390591,FALSE,FALSE,0.00322277,,,,,
f8116,2013,0,,1166.2425,,0.0306,0,5.0475,,0.37921,,,,,"f8100, f8108, f8109, f8177, f8178","3.7382, 8.655899999999974, 4.448900000000094, 3.4238000000000284, 2.9925000000000637",,,857.4546031
f9017,2020,0,,1166.51,,0.2,0,5.8,,0.3,,,,,f9018,2.46,,,
f8177,2013,0,,1169.6663,,0.0285,0,4.3507,,0.34454,,,,,"f8100, f8101, f8105, f8109, f8116, f8178","7.16200000000003, 9.516199999999799, 8.96979999999985, 7.872700000000123, 3.4238000000000284, 6.416300000000092",,,854.9446966
f1500,1990,11,TRUE,1170.14573,FALSE,0.008427658,3.975933877,52.79370656,FALSE,0.392917048,0.144723006,FALSE,FALSE,0.001184692,,,,,
f1114,1988,10,,1171.3446,,0.2062,0,1.5064,,,,,,,,,,,853.7197337
f1018,1988,12,,1171.7402,,0.0163,0,1.5109,,,,,,,,,,,853.431503
f8105,2013,0,,1178.6361,,0.019,0,9.8969,,0.39449,,,,,"f8101, f8123, f8156, f8177","0.546399999999948, 5.917000000000144, 4.134600000000091, 8.96979999999985",,,848.4382924
f8101,2013,0,,1179.1825,,0.0147,0,12.696,,0.39487,,,,,"f8105, f8123, f8156, f8177","0.546399999999948, 5.370600000000195, 3.5882000000001426, 9.516199999999799",,,848.0451499
f4105,2003,0,TRUE,1180.743262,FALSE,0.01292035,2.283799702,11.03435372,FALSE,0.330508989,0.292340825,FALSE,FALSE,0.004759392,,,,,
f9226,2022,9,TRUE,1181.674668,FALSE,0.00992597,0.664442269,1.555153143,FALSE,0.069264713,0.462167387,FALSE,FALSE,0.007091021,,,,,
f8156,2013,0,,1182.7707,,0.0314,0,5.3986,,0.31695,,,,,"f8101, f8105, f8120, f8123","3.58820000000014, 4.134600000000091, 7.216799999999921, 1.7824000000000524",,,845.4724149
f1400,1990,10,TRUE,1182.77965,FALSE,0.003746131,3.552673163,33.6929782,FALSE,0.563465283,0.117684351,FALSE,FALSE,0.002658797,,,,,
f1600,1990,12,TRUE,1183.657404,FALSE,0.044086812,4.81294557,34.25620499,FALSE,0.747041511,0.663832475,FALSE,FALSE,0.003523645,,,,,
f8123,2013,0,,1184.5531,,0.0473,0,3.194,,0.29163,,,,,"f8101, f8105, f8120, f8156","5.37060000000019, 5.917000000000144, 5.434399999999869, 1.7824000000000524",,,844.2002305
f8120,2013,0,,1189.9875,,0.0224,0,5.3252,,0.28908,,,,,"f8123, f8156, f8157","5.43439999999986, 7.216799999999921, 7.845199999999977",,,840.3449616
f9114,2021,8,TRUE,1193.39511,FALSE,0.021755129,0.9027398,0.936361097,FALSE,0.087120241,0.554791267,FALSE,FALSE,0.014796069,,,,,
f0103,1985,9,TRUE,1195.115712,FALSE,0.062336787,3.93177497,20.64250937,FALSE,0.822921445,0.035926344,FALSE,FALSE,0.006313825,,,,,
f1019,1988,12,,1195.9291,,0.0057,0,3.8354,,,,,,,,,,,836.1699703
f8157,2013,0,,1197.8327,,0.0384,0,2.5773,,0.25471,,,,,"f8120, f8151","7.84519999999997, 4.513100000000122",,,834.841126
f1115,1988,10,,1198.0594,,0.2733,0,1.0218,,,,,,,,,,,834.6831551
f1200,1990,6,TRUE,1201.428896,FALSE,0.054599588,4.478421347,37.05132188,FALSE,0.554437755,0.959688892,FALSE,FALSE,0.0023634,,,,,
f8151,2013,0,,1202.3458,,0.0317,0,3.3023,,0.26772,,,,,"f8103, f8157","9.57489999999984, 4.513100000000122",,,831.7074838
f0603,1989,10,TRUE,1205.454632,FALSE,0.047960852,1.792425168,2.155789134,FALSE,0.223880232,0.534981008,FALSE,FALSE,0.016584554,,,,,
f7011,2008,9,TRUE,1209.238549,,0.06728323,0,11.67995942,,,,,,,"f7012, f7013, f7014, f7015","0.416434279999975, 0.7280394699998851, 1.5375198199999431, 1.671441409999943",,,826.96669
f7012,2008,9,TRUE,1209.654983,,0.03528012,0,9.48802268,,,,,,,"f7011, f7013, f7014, f7015","0.416434279999975, 0.31160518999990927, 1.1210855399999673, 1.2550071299999672",,,826.6819995
f7013,2008,9,TRUE,1209.966588,,0.45864757,0,9.33392183,,,,,,,"f7011, f7012, f7014, f7015","0.728039469999885, 0.31160518999990927, 0.809480350000058, 0.943401940000058",,,826.4691024
f9203,2022,9,TRUE,1210.469133,FALSE,0.001651214,0.664442269,8.663447481,FALSE,0.069266151,0.928040132,FALSE,FALSE,0.001272752,,,,,
f8202,2017,10,TRUE,1210.603783,FALSE,0.037170919,4.970141408,18.00256739,FALSE,1.06106427,0.318376603,FALSE,FALSE,0.009383898,,,,,
f7014,2008,9,TRUE,1210.776069,,0.54518098,0,18.26854667,,,,,,,"f7011, f7012, f7013, f7015","1.53751981999994, 1.1210855399999673, 0.809480350000058, 0.13392158999999992",,,825.9165555
f7015,2008,9,TRUE,1210.90999,,0.77182695,0,15.95812649,,,,,,,"f7011, f7012, f7013, f7014","1.67144140999994, 1.2550071299999672, 0.943401940000058, 0.13392158999999992",,,825.8252126
f9000,2018,0,,1211.395,,0.005,0,32.7,,0.5,,,,,,,,,
f8002,2012,0,TRUE,1211.875736,FALSE,0.0082444,1.968314894,13.11624488,FALSE,0.312170204,0.979924059,FALSE,FALSE,0.003780686,,,,,
f8103,2013,0,,1211.9207,,0.0069,0,13.791,,0.25092,,,,,f8151,9.5749,,,825.1364961
f3401,1993,12,TRUE,1213.665241,FALSE,0.035695291,3.47641073,17.16709095,FALSE,0.463495821,0.456045339,FALSE,FALSE,0.0042822,,,,,
f3304,1993,11,TRUE,1218.348146,FALSE,0.067468233,3.717362656,14.93075914,FALSE,0.486712769,0.57676584,FALSE,FALSE,0.005222405,,,,,
f2301,1991,9,TRUE,1220.653293,FALSE,0.012083806,3.814605342,26.33121182,FALSE,0.292485937,0.005987858,FALSE,FALSE,0.001740907,,,,,
f2600,1991,12,TRUE,1223.950539,FALSE,0.022152346,4.171581856,38.2752245,FALSE,0.554129736,0.120613463,FALSE,FALSE,0.002309849,,,,,
f7016,2008,9,TRUE,1224.608744,,0.51328172,0,15.12162965,,,,,,,"f7017, f7018","0.185298569999986, 4.970880159999979",,,816.5873424
f7017,2008,9,TRUE,1224.794043,,0.87546538,0,9.90481218,,,,,,,"f7016, f7018","0.185298569999986, 4.7855815899999925",,,816.4638013
f0402,1989,12,TRUE,1224.837492,FALSE,0.03089825,2.763154899,10.10356854,FALSE,0.361725716,0.999991989,FALSE,FALSE,0.005622316,,,,,
f2500,1991,11,TRUE,1225.092569,FALSE,0.006819794,2.161875091,44.29392079,FALSE,0.258017057,0.213599645,FALSE,FALSE,0.00092575,,,,,
f9227,2022,9,TRUE,1225.704669,FALSE,0.012747337,0.664442269,1.210869824,FALSE,0.069265477,0.404574126,FALSE,FALSE,0.009105839,,,,,
f4101,2003,0,TRUE,1228.184555,FALSE,0.007223835,2.283799702,19.8675264,FALSE,0.330552246,0.224918853,FALSE,FALSE,0.002648508,,,,,
f0002,1975,0,TRUE,1228.204169,FALSE,1.626708272,4.894468264,19.58542082,FALSE,1.140195677,0.122044234,FALSE,FALSE,0.009503066,,,,,
f7018,2008,9,TRUE,1229.579624,,0.82812212,0,4.27717783,,,,,,,"f7016, f7017, f7019","4.97088015999997, 4.7855815899999925, 9.966494700000112",,,813.2860859
f1100,1990,8,TRUE,1229.622696,FALSE,0.013869895,2.452934811,22.39228843,FALSE,0.392568544,0.095555313,FALSE,FALSE,0.002793141,,,,,
f2400,1991,10,TRUE,1230.065727,FALSE,0.048318497,2.956300422,28.54573617,FALSE,0.387508982,0.114711939,FALSE,FALSE,0.002127607,,,,,
f9107,2021,8,TRUE,1232.869588,FALSE,0.008785082,0.9027398,2.325587729,FALSE,0.087118775,0.674966985,FALSE,FALSE,0.005974803,,,,,
f0109,1985,9,TRUE,1233.742844,FALSE,0.117592518,3.93177497,10.74842261,FALSE,0.828218612,0.86682363,FALSE,FALSE,0.012141361,,,,,
f6050,1992,9,,1235.41,,,0,30.1,,,,,,,,,,,809.448
f7019,2008,9,TRUE,1239.546119,,0.31991072,0,7.927769027,,,,,,,"f7018, f7020","9.96649470000011, 0.7604948700000023",,,806.7469089
f7020,2008,9,TRUE,1240.306614,,0.52712619,0,5.89444529,,,,,,,f7019,0.76049487,,,806.2522514
f8154,2013,0,,1240.9522,,0.0277,0,3.1543,,0.23441,,,,,f8127,4.2958,,,805.8328113
f2000,1991,1,TRUE,1244.780725,FALSE,1.644459864,11.9400935,66.37617699,FALSE,1.272329729,0.608015671,FALSE,FALSE,0.002995661,,,,,
f8127,2013,0,,1245.248,,0.0205,0,3.9648,,0.22739,,,,,f8154,4.2958,,,803.0528859
f2100,1991,7,TRUE,1246.57723,FALSE,0.55163066,4.822327841,41.93184701,FALSE,0.411245886,0.429950491,FALSE,FALSE,0.001601429,,,,,
f4000,1994,5,TRUE,1249.104151,FALSE,0.176307693,9.062693998,33.86725154,FALSE,2.453547734,0.742878671,FALSE,FALSE,0.01078476,,,,,
f8158,2013,0,,1272.653,,0.0343,0,2.6144,,0.23562,,,,,"f8112, f8171, f8172","9.395899999999983, 7.503799999999956, 6.090099999999893",,,785.7601404
f1020,1988,12,,1275.0625,,0.0111,0,2.4267,,,,,,,,,,,784.2752806
f4103,2003,0,TRUE,1275.489863,FALSE,0.011638458,2.283799702,12.25876639,FALSE,0.330777034,0.47681026,FALSE,FALSE,0.004279292,,,,,
f8172,2013,0,,1278.7431,,0.0275,0,3.1668,,0.23277,,,,,"f8112, f8121, f8158, f8171","3.30580000000009, 4.028700000000072, 6.090099999999893, 1.4137000000000626",,,782.0179049
f9228,2022,9,TRUE,1279.514431,FALSE,0.017551276,0.664442269,0.879172237,FALSE,0.069240372,0.172540964,FALSE,FALSE,0.012537918,,,,,
f8171,2013,0,,1280.1568,,0.025,0,3.7517,,0.2546,,,,,"f8112, f8121, f8158, f8172","1.89210000000002, 2.615000000000009, 7.503799999999956, 1.4137000000000626",,,781.1543086
f8112,2013,0,,1282.0489,,0.012,0,7.7614,,0.25056,,,,,"f8121, f8158, f8171, f8172","0.7228999999999814, 9.395899999999983, 1.8921000000000276, 3.30580000000009",,,780.0014492
f8006,2012,0,TRUE,1282.098636,FALSE,0.017697263,1.968314894,6.057904167,FALSE,0.311994123,0.648288289,FALSE,FALSE,0.008155475,,,,,
f8121,2013,0,,1282.7718,,0.0202,0,4.4889,,0.25272,,,,,"f8112, f8171, f8172","0.7228999999999814, 2.615000000000009, 4.028700000000072",,,779.5618831
f1612,1990,12,TRUE,1289.784816,FALSE,0.08436948,4.81294557,17.7571275,FALSE,0.75008883,0.38839107,FALSE,FALSE,0.006735312,,,,,
f1021,1988,12,,1290.7816,,0.0068,0,4.5999,,,,,,,,,,,774.7243995
f9015,2020,0,,1292.21,,0.1,0,7.4,,0.3,,,,,f9016,4.46,,,
f3300,1993,11,TRUE,1292.790046,FALSE,0.034674983,3.717362656,26.86278558,FALSE,0.477336178,0.530241261,FALSE,FALSE,0.002838754,,,,,
f9016,2020,0,,1296.67,,0.2,0,4,,0.3,,,,,f9015,4.46,,,
f6058,1993,9,,1297.296,,,0,8.7,,,,,,,,,,,770.834
f0506,1989,11,TRUE,1297.472614,FALSE,0.04982489,3.381870344,6.231043199,FALSE,0.384125638,0.85793438,FALSE,FALSE,0.009525014,,,,,
f6033,1989,9,,1297.589,,,0,1.5,,,,,,,,,,,770.66
f9100,2021,8,TRUE,1298.881564,FALSE,0.001922878,0.9027398,10.51604899,FALSE,0.087119036,0.452433228,FALSE,FALSE,0.00131995,,,,,
f3403,1993,12,TRUE,1305.289092,FALSE,0.049966897,3.47641073,12.2591326,FALSE,0.463370155,0.042831578,FALSE,FALSE,0.005985003,,,,,
f1105,1990,8,TRUE,1313.607701,FALSE,0.041720569,2.452934811,7.43975788,FALSE,0.392960413,0.673025321,FALSE,FALSE,0.008399947,,,,,
f1022,1988,12,,1313.7807,,0.0137,0,2.5284,,,,,,,,,,,761.1620417
f8173,2013,0,,1320.8295,,0.0289,0,2.7342,,0.22216,,,,,,,,,757.0999891
f2319,1991,9,TRUE,1321.995228,FALSE,0.059050799,3.814605342,5.299292586,FALSE,0.286052167,0.392586935,FALSE,FALSE,0.008562365,,,,,
f1116,1988,10,,1329.5886,,0.1377,0,1.5317,,,,,,,,,,,752.1123451
f1023,1988,12,,1332.5908,,0.0126,0,2.3947,,,,,,,,,,,750.4179077
f0114,1985,9,TRUE,1332.978828,FALSE,0.161935741,3.93177497,7.981492617,FALSE,0.823384918,0.566384986,FALSE,FALSE,0.016513608,,,,,
f1509,1990,11,TRUE,1342.856755,FALSE,0.091814205,3.975933877,4.822352775,FALSE,0.393799477,0.699529246,FALSE,FALSE,0.012943014,,,,,
f0212,1985,10,TRUE,1345.070595,FALSE,0.036526376,4.710128817,5.514588465,FALSE,0.503608131,0.257180441,FALSE,FALSE,0.014478049,,,,,
f1401,1990,10,TRUE,1358.482506,FALSE,0.015437387,3.552673163,8.163630141,FALSE,0.561957997,0.828130732,FALSE,FALSE,0.01098339,,,,,
f4102,2003,0,TRUE,1369.545677,FALSE,0.00743937,2.283799702,19.03592445,FALSE,0.329230317,0.953647469,FALSE,FALSE,0.002748795,,,,,
f1024,1988,12,,1369.6157,,0.0054,0,4.8117,,,,,,,,,,,730.1318173
f0115,1985,9,TRUE,1370.244893,FALSE,0.189476519,3.93177497,6.779084256,FALSE,0.828518652,0.049809675,FALSE,FALSE,0.019396122,,,,,
f9229,2022,9,TRUE,1371.422702,FALSE,0.011648401,0.664442269,1.324712541,FALSE,0.06924489,0.123499728,FALSE,FALSE,0.008322014,,,,,
f8007,2012,0,TRUE,1372.261051,FALSE,0.018450721,1.968314894,5.813000624,FALSE,0.31055867,0.793477948,FALSE,FALSE,0.008495605,,,,,
f8114,2013,0,,1372.3191,,0.0113,0,6.8054,,0.22453,,,,,f8148,1.0369,,,728.6934941
f8148,2013,0,,1373.356,,0.0212,0,3.6352,,0.22698,,,,,f8114,1.0369,,,728.1433219
f3101,1993,8,TRUE,1375.933007,FALSE,0.033736126,3.805958502,8.681702414,FALSE,0.386326004,0.422041241,FALSE,FALSE,0.00711822,,,,,
f2009,1989,7,,1397.03,,0.2534,0,3.671,,0.35179,,,,,,,,,
f9230,2022,9,TRUE,1401.594372,FALSE,0.018712901,0.664442269,0.824617337,FALSE,0.069249545,0.523664944,FALSE,FALSE,0.013369315,,,,,
f0001,1975,0,TRUE,1413.302579,FALSE,2.262234975,4.894468264,23.0489245,FALSE,1.386379531,0.060536292,FALSE,FALSE,0.00877783,,,,,
f1025,1988,12,,1432.225,,0.0083,0,2.3281,,,,,,,,,,,698.2143169
f1117,1988,10,,1446.7072,,0.1844,0,1.2906,,,,,,,,,,,691.2248726
f8163,2013,0,,1450.3514,,0.0279,0,2.6666,,0.21738,,,,,,,,,689.4880785
f1111,1990,8,TRUE,1453.048455,FALSE,0.112441087,2.452934811,2.744865464,FALSE,0.393119764,0.70480926,FALSE,FALSE,0.02270362,,,,,
f4100,2003,0,TRUE,1459.427448,FALSE,0.005386887,2.283799702,26.29528459,FALSE,0.328528688,0.216167042,FALSE,FALSE,0.00198551,,,,,
f8206,2017,10,TRUE,1460.874775,FALSE,0.07704465,4.970141408,8.799857373,FALSE,1.074316292,0.330554056,FALSE,FALSE,0.019252954,,,,,
f8104,2013,0,,1462.693,,0.0058,0,12.909,,0.21694,,,,,,,,,683.6704626
f8003,2012,0,TRUE,1462.695094,FALSE,0.008531341,1.968314894,12.58841852,FALSE,0.31019606,0.163039998,FALSE,FALSE,0.00392017,,,,,
f9234,2022,9,TRUE,1463.447648,FALSE,0.02122485,0.664442269,0.727614332,FALSE,0.069276197,0.802390544,FALSE,FALSE,0.015159866,,,,,
f6002,1985,8,,1464.36,,,0,5.5,,,,,,,,,,,682.892
f0003,1975,0,TRUE,1464.567589,FALSE,2.512040528,4.894468264,20.96661334,FALSE,1.398433973,0.099753532,FALSE,FALSE,0.009708924,,,,,
f9127,2021,8,TRUE,1469.528167,FALSE,0.010681226,0.9027398,1.828996073,FALSE,0.08730752,0.128162047,FALSE,FALSE,0.007239343,f9104,4.531586103,,,
f9020,2020,0,,1470.77,,0.02,0,5.1,,0.3,,,,,,,,,
f0403,1989,12,TRUE,1471.059903,FALSE,0.032025424,2.763154899,9.573858935,FALSE,0.354820122,0.885294962,FALSE,FALSE,0.005893384,,,,,
f0600,1989,10,TRUE,1471.115751,FALSE,0.00668581,1.792425168,15.19653929,FALSE,0.221499011,0.678081898,FALSE,FALSE,0.00231432,,,,,
f0500,1989,11,TRUE,1471.150158,FALSE,0.02395389,3.381870344,12.5843172,FALSE,0.380854627,0.690522254,FALSE,FALSE,0.004745622,,,,,
f6060,1993,9,,1474.044,,,0,9.7,,,,,,,,,,,678.406
f9104,2021,8,TRUE,1474.059753,FALSE,0.005952862,0.9027398,3.315383768,FALSE,0.087330351,0.275809066,FALSE,FALSE,0.004200643,f9127,4.531586103,,,
f3303,1993,11,TRUE,1474.70429,FALSE,0.064214842,3.717362656,13.23396004,FALSE,0.47357,0.489491754,FALSE,FALSE,0.005705253,,,,,
f1508,1990,11,TRUE,1474.938921,FALSE,0.069987733,3.975933877,6.33372497,FALSE,0.393139551,0.488581804,FALSE,FALSE,0.009864925,,,,,
f9233,2022,9,TRUE,1475.164466,FALSE,0.009598766,0.664442269,1.610625935,FALSE,0.069326591,0.524207651,FALSE,FALSE,0.006859049,f9232,"6.19271225385819, 6.322737422044156",,,
f9232,2022,9,TRUE,1481.357179,FALSE,0.008375782,0.664442269,1.847641288,FALSE,0.069391026,0.151468232,FALSE,FALSE,0.005981497,"f9233, f9235","6.19271225385819, 6.322737422044156",,,
f9235,2022,9,TRUE,1487.679916,FALSE,0.014699139,0.664442269,1.052120214,FALSE,0.069378562,0.114547216,FALSE,FALSE,0.010495543,f9232,,,,
f0116,1985,9,TRUE,1487.953455,FALSE,0.229079486,3.93177497,5.463515467,FALSE,0.824145371,0.642245133,FALSE,FALSE,0.023882591,,,,,
f3402,1993,12,TRUE,1488.951565,FALSE,0.039275158,3.47641073,15.63035184,FALSE,0.461609156,0.487935983,FALSE,FALSE,0.004702306,,,,,
f1118,1988,10,,1504.253,,0.3141,0,0.78356,,,,,,,,,,,664.7817887
f0307,1989,8,TRUE,1510.873151,FALSE,0.035195969,1.81786994,3.373698991,FALSE,0.248692002,0.872242522,FALSE,FALSE,0.011975422,,,,,
f0207,1985,10,TRUE,1516.958471,FALSE,0.023917723,4.710128817,8.428116103,FALSE,0.501823156,0.231485447,FALSE,FALSE,0.009497264,,,,,
f9005,2018,0,,1519.09,,0.04,0,4.35,,0.5,,,,,,,,,
f7022,2008,9,TRUE,1522.545029,,0.03532949,0,8.42235356,,,,,,,,,,,656.7950247
f9202,2022,9,TRUE,1522.861977,FALSE,0.001564595,0.664442269,9.47173188,FALSE,0.069315922,0.209449215,FALSE,FALSE,0.0011649,f9236,7.791852686,,,
f8004,2012,0,TRUE,1523.424199,FALSE,0.012397013,1.968314894,8.674815224,FALSE,0.310364701,0.06249007,FALSE,FALSE,0.005693892,,,,,
f8107,2013,0,,1523.4293,,0.0083,0,8.9111,,0.21121,,,,,f8110,7.0751,,,656.4137896
f8104,2013,8,TRUE,1524.223975,FALSE,0.430240297,6.961304592,13.14297516,FALSE,1.029354026,0.859823222,FALSE,FALSE,0.012447234,,,,,
f6034,1989,9,,1525.724,,,0,2.4,,,,,,,,,,,655.427
f9103,2021,8,TRUE,1526.587773,FALSE,0.004107565,0.9027398,4.984218392,FALSE,0.087201866,0.334646546,FALSE,FALSE,0.00279517,f9125,3.662523286,,,
f1026,1988,12,,1528.712,,0.0136,0,1.6152,,,,,,,,,,,654.1454506
f0117,1985,9,TRUE,1529.659225,FALSE,0.21118012,3.93177497,6.007872318,FALSE,0.820234039,0.858813039,FALSE,FALSE,0.021794695,,,,,
f9125,2021,8,TRUE,1530.250296,FALSE,0.00449803,0.9027398,4.676211178,FALSE,0.087210313,0.799860553,FALSE,FALSE,0.003060864,f9103,3.662523286,,,
f8110,2013,0,,1530.5044,,0.011,0,6.7825,,0.21106,,,,,f8107,7.0751,,,653.3793696
f9236,2022,9,TRUE,1530.65383,FALSE,0.003199673,0.664442269,4.826478037,FALSE,0.069304387,0.525644206,FALSE,FALSE,0.002286473,"f9202, f9237","7.79185268632204, 9.295394801014936",,,
f8203,2017,10,TRUE,1530.855212,FALSE,0.04967993,4.970141408,13.68147021,FALSE,1.072155771,0.461468455,FALSE,FALSE,0.012381693,,,,,
f9237,2022,9,TRUE,1539.949225,FALSE,0.010569407,0.664442269,1.460491003,FALSE,0.069290296,0.07956962,FALSE,FALSE,0.007551928,f9236,9.295394801,,,
f6003,1985,8,,1541.46,,,0,7.8,,,,,,,,,,,648.736
f1027,1988,12,,1568.3573,,0.0126,0,2.5213,,,,,,,,,,,637.60981
f1028,1988,12,,1601.4296,,0.0043,0,9.2737,,,,,,,"f1029, f1030","2.82030000000008, 6.236400000000003",,,624.442061
f1029,1988,12,,1604.4296,,0.0073,0,7.0252,,,,,,,"f1028, f1030","2.82030000000008, 3.416099999999915",,,623.3442807
f3200,1993,7,TRUE,1606.42799,FALSE,2.964029049,7.980671967,44.33460976,FALSE,0.788066268,0.277131808,FALSE,FALSE,0.002848144,,,,,
f1030,1988,12,,1607.666,,0.021,0,2.3232,,,,,,,"f1028, f1029","6.236400000000003, 3.41609999999991",,,622.0197479
f1120,1988,10,,1625.5701,,0.3835,0,13.108,,,,,,,"f1119, f1121","4.20029999999997, 2.5172999999999774 ",,,615.1687952
f1031,1988,12,,1625.6725,,0.0014,0,34.728,,,,,,,f1032,8.5582,,,615.1300462
f6020,1988,11,,1625.712,,,0,58,,,,,,,,,,,615.115
f8188,2013,0,,1626.6904,,0.0333,0,2.274,,0.21752,,,,,,,,,614.7451291
f0200,1985,10,TRUE,1626.932601,FALSE,0.005108302,4.710128817,39.29940653,FALSE,0.504218873,0.081646478,FALSE,FALSE,0.002030818,,,,,
f0101,1985,9,TRUE,1627.526507,FALSE,0.034433736,3.93177497,36.5218245,FALSE,0.819107903,0.802837253,FALSE,FALSE,0.003571805,,,,,
f6004,1985,8,,1627.86,,,0,31.3,,,,,,,,,,,614.303
f1121,1988,10,,1628.0874,,1.3581,0,3.4403,,,,,,,"f1119, f1120","6.71759999999994, 2.5172999999999774",,,614.2176397
f8207,2017,10,TRUE,1628.08999,FALSE,0.094761971,4.970141408,7.10657306,FALSE,1.060835158,0.024821044,FALSE,FALSE,0.023846729,,,,,
f9200,2022,9,TRUE,1628.166558,FALSE,0.000911411,0.664442269,16.10995479,FALSE,0.069248637,0.121103146,FALSE,FALSE,0.000684289,,,,,
f0000,1975,0,TRUE,1629.240443,FALSE,0.685886367,4.894468264,47.44878873,FALSE,1.149472185,0.234649342,FALSE,FALSE,0.003820934,,,,,
f4002,1994,5,TRUE,1630.308739,FALSE,0.168662731,9.062693998,28.40757059,FALSE,2.173454216,0.596849126,FALSE,FALSE,0.012042794,,,,,
f3400,1993,12,TRUE,1631.776505,FALSE,0.017329509,3.47641073,35.35644217,FALSE,0.461510453,0.536459561,FALSE,FALSE,0.002075186,,,,,
f3301,1993,11,TRUE,1632.329158,FALSE,0.031183551,3.717362656,27.19192332,FALSE,0.472581948,0.04559276,FALSE,FALSE,0.00276173,,,,,
f6061,1993,9,,1632.788,,,0,31.6,,,,,,,"f6062, f6063","4.632, 9.422",,,612.449
f3100,1993,8,TRUE,1633.547071,FALSE,0.008391889,3.805958502,34.68054346,FALSE,0.387390736,0.82718681,FALSE,FALSE,0.001773894,,,,,
f9126,2021,8,TRUE,1633.801777,FALSE,0.004236049,0.9027398,4.92798833,FALSE,0.087313016,0.96975293,FALSE,FALSE,0.002869173,"f9102, f9128","3.74984758279742, 8.580345088486638",,,
f1032,1988,12,,1634.2307,,0.0058,0,9.0953,,,,,,,f1031,8.5582,,,611.9087103
f6062,1993,9,,1637.42,,,0,8.2,,,,,,,"f6061, f6063","4.632, 4.79",,,610.717
f9102,2021,8,TRUE,1637.551625,FALSE,0.004041068,0.9027398,4.977694742,FALSE,0.087283909,0.571015806,FALSE,FALSE,0.002735112,"f9126, f9128","3.74984758279742, 4.830497505689209",,,
f2408,1991,10,TRUE,1638.588797,FALSE,0.275843053,2.956300422,4.753400606,FALSE,0.369019733,0.271026934,FALSE,FALSE,0.012400447,,,,,
f6051,1992,9,,1638.67,,,0,10.6,,,,,,,,,,,610.251
f8005,2012,0,TRUE,1638.949658,FALSE,0.016418311,1.968314894,6.536441201,FALSE,0.30989344,0.352441703,FALSE,FALSE,0.007537048,,,,,
f8111,2013,0,,1638.9753,,0.0126,0,6.2681,,0.21851,,,,,f8152,9.4108,,,610.1373218
f6063,1993,9,,1642.21,,,0,8.5,,,,,,,"f6061, f6062","9.422, 4.79",,,608.935
f9128,2021,8,TRUE,1642.382122,FALSE,0.007842386,0.9027398,2.646194813,FALSE,0.0872993,0.867129755,FALSE,FALSE,0.005324975,"f9102, f9126","4.8304975056892, 8.580345088486638",,,
f0616,1989,10,TRUE,1644.458507,FALSE,0.039917934,1.792425168,2.543579315,FALSE,0.219703926,0.398952214,FALSE,FALSE,0.013787462,,,,,
f8152,2013,0,,1648.3861,,0.0294,0,2.6842,,0.21289,,,,,f8111,9.4108,,,606.6539872
f9238,2022,9,TRUE,1649.453404,FALSE,0.011075823,0.664442269,1.393046648,FALSE,0.069242477,0.517682311,FALSE,FALSE,0.007913835,,,,,
f1033,1988,12,,1671.5825,,0.0117,0,3.3971,,,,,,,f1034,5.707,,,598.2355044
f1034,1988,12,,1677.2895,,0.0141,0,1.7821,,,,,,,f1033,5.707,,,596.2
f0511,1989,11,TRUE,1724.781575,FALSE,0.071694304,3.381870344,3.816591766,FALSE,0.367121997,0.254215291,FALSE,FALSE,0.015274659,,,,,
f1035,1988,12,,1728.1327,,0.0135,0,1.7545,,,,,,,,,,,578.6592662
f9118,2021,8,TRUE,1745.248666,FALSE,0.015641844,0.9027398,1.305247291,FALSE,0.087134163,0.8986807,FALSE,FALSE,0.010637233,,,,,
f7023,2008,9,TRUE,1750.602458,,0.76113693,0,3.6247772,,,,,,,,,,,571.2319181
f9105,2021,8,TRUE,1756.077687,FALSE,0.007340512,0.9027398,2.771241615,FALSE,0.087135068,0.102386925,FALSE,FALSE,0.004992229,,,,,
f8214,2017,10,TRUE,1759.847485,FALSE,0.117640896,4.970141408,5.781490274,FALSE,1.069775181,0.865862735,FALSE,FALSE,0.029576421,,,,,
f0315,1989,8,TRUE,1778.112268,FALSE,0.040850043,1.81786994,2.863740229,FALSE,0.248723876,0.521209054,FALSE,FALSE,0.013903632,,,,,
f1036,1988,12,,1782.4229,,0.0123,0,1.5597,,,,,,,,,,,561.0340846
f6064,1993,9,,1811.784,,,0,4.4,,,,,,,,,,,551.942
f0214,1985,10,TRUE,1833.111778,FALSE,0.037543143,4.710128817,5.410932542,FALSE,0.502759752,0.691636372,FALSE,FALSE,0.014900902,,,,,
f9004,2018,0,,1835.73,,0.03,0,5.9,,0.5,,,,,,,,,
f8215,2017,10,TRUE,1835.800846,FALSE,0.128056335,4.970141408,5.317575548,FALSE,1.065260991,0.567794446,FALSE,FALSE,0.03221082,,,,,
f8137,2013,0,,1835.9809,,0.0199,0,3.6548,,0.20868,,,,,,,,,544.6679756
f8008,2012,0,TRUE,1835.982486,FALSE,0.026702115,1.968314894,4.016971062,FALSE,0.309490867,0.174156789,FALSE,FALSE,0.012278356,,,,,
f9106,2021,8,TRUE,1836.734947,FALSE,0.009361744,0.9027398,2.174907608,FALSE,0.087119322,0.686840488,FALSE,FALSE,0.006367857,,,,,
f9014,2020,0,,1838.06,,0.01,0,7.3,,0.3,,,,,,,,,
f7024,2008,9,TRUE,1842.063739,,0.64283125,0,4.65582601,,,,,,,f7025,6.95433391,,,542.86938
f3103,1993,8,TRUE,1847.557515,FALSE,0.041653322,3.805958502,6.990828739,FALSE,0.387308376,0.807201022,FALSE,FALSE,0.008802584,,,,,
f7025,2008,9,TRUE,1849.018073,,0.12867113,0,6.23424016,,,,,,,f7024,6.95433391,,,540.8275963
f1037,1988,12,,1887.0212,,0.014,0,1.4097,,,,,,,,,,,529.9357527
f2001,1989,7,,1897.0535,,0.1182,0,8.6243,,0.3562,,,,,,,,,
f1123,1988,10,,1906.0036,,0.3132,0,0.70955,,,,,,,,,,,524.6579807
f1038,1988,12,,1956.5851,,0.134,0,1.9418,,,,,,,,,,,511.0945596
f2006,1989,7,,1976.0251,,0.198,0,5.4238,,0.35936,,,,,,,,,
f6035,1989,9,,1986.215,,,0,8.6,,,,,,,,,,,503.47
f9124,2021,8,TRUE,1986.875863,FALSE,0.016729999,0.9027398,1.216016202,FALSE,0.08714271,0.214659021,FALSE,FALSE,0.011375942,,,,,
f1039,1988,12,,1988.53,,0.0106,0,3.6633,,,,,,,,,,,502.88404
f3319,1993,11,TRUE,1993.302541,FALSE,0.174767184,3.717362656,4.857409699,FALSE,0.472454589,0.411038552,FALSE,FALSE,0.015455701,,,,,
f6021,1988,11,,1998.282,,,0,8,,,,,,,,,,,500.43
f9002,2018,0,,1999.522,,0.008,0,17.8,,0.5,,,,,,,,,
f8201,2017,10,TRUE,1999.556613,FALSE,0.034339498,4.970141408,19.39815212,FALSE,1.057425552,0.321870554,FALSE,FALSE,0.008696884,,,,,
f7026,2008,9,TRUE,1999.566955,,0.59721378,0,6.27127078,,,,,,,f7027,6.96324249,,,500.1082848
f9209,2022,9,TRUE,1999.743895,FALSE,0.002122108,0.664442269,7.012127923,FALSE,0.069377499,0.740136088,FALSE,FALSE,0.001573713,f9241,6.781136303,,,
f8102,2013,0,,2000.0319,,0.005,0,14.603,,0.20882,,,,,,,,,499.9920251
f8001,2012,0,TRUE,2000.053324,FALSE,0.007223523,1.968314894,14.83784136,FALSE,0.309773318,0.629761167,FALSE,FALSE,0.003319699,,,,,
f8101,2013,8,TRUE,2000.436829,FALSE,0.199430008,6.961304592,28.52109324,FALSE,1.029621695,0.930964422,FALSE,FALSE,0.005741008,,,,,
f9011,2020,0,,2001.02,,0.01,0,15.1,,0.3,,,,,,,,,
f9101,2021,8,TRUE,2001.064366,FALSE,0.002027785,0.9027398,10.02609157,FALSE,0.087419563,0.265764657,FALSE,FALSE,0.001387851,f9123,5.339747182,,,
f0601,1989,10,TRUE,2001.185957,FALSE,0.007742253,1.792425168,13.09779497,FALSE,0.220174704,0.012011416,FALSE,FALSE,0.002670912,,,,,
f1124,1988,10,,2001.5628,,0.5159,0,1.2277,,,,,,,,,,,499.6096051
f0203,1985,10,TRUE,2003.787786,FALSE,0.017179037,4.710128817,11.77683649,FALSE,0.503487121,0.469483383,FALSE,FALSE,0.006827445,,,,,
f9123,2021,8,TRUE,2006.404113,FALSE,0.009687277,0.9027398,2.130807713,FALSE,0.087441899,0.038527236,FALSE,FALSE,0.006590839,f9101,5.339747182,,,
f9241,2022,9,TRUE,2006.525032,FALSE,0.008435779,0.664442269,1.834421365,FALSE,0.069360304,0.312998983,FALSE,FALSE,0.006017314,"f9242, f9209","7.38883395371181, 6.78113630322332",,,
f7027,2008,9,TRUE,2006.530197,,0.05681559,0,7.42604527,,,,,,,f7026,6.96324249,,,498.3727638
f0106,1985,9,TRUE,2006.796977,FALSE,0.113642589,3.93177497,10.80898847,FALSE,0.816165107,0.094297651,FALSE,FALSE,0.012014181,,,,,
f1040,1988,12,,2010.7275,,0.0071,0,5.1932,,,,,,,,,,,497.3324332
f9242,2022,9,TRUE,2013.913866,FALSE,0.012091623,0.664442269,1.277512524,FALSE,0.069295411,0.657496351,FALSE,FALSE,0.008634771,f9241,7.388833954,,,
f9122,2021,8,TRUE,2016.596423,FALSE,0.00819256,0.9027398,2.49499734,FALSE,0.087162363,0.716670236,FALSE,FALSE,0.005574063,,,,,
f1125,1988,10,,2016.6358,,0.1603,0,3.9566,,,,,,,,,,,495.8753584
f6036,1989,9,,2020.05,,,0,11.8,,,,,,,,,,,495.037
f0300,1989,8,TRUE,2024.937371,FALSE,0.007249126,1.81786994,16.06134618,FALSE,0.248274426,0.768722907,FALSE,FALSE,0.002469808,,,,,
f1126,1988,10,,2030.579,,0.408,0,2.3221,,,,,,,,,,,492.4703742
f1041,1988,12,,2044.9019,,0.0083,0,2.869,,,,,,,,,,,489.0210137
f9243,2022,9,TRUE,2045.876799,FALSE,0.018365455,0.664442269,0.840165998,FALSE,0.069258536,0.39492879,FALSE,FALSE,0.013124038,,,,,
f1042,1988,12,,2064.5711,,0.0126,0,1.7606,,,,,,,,,,,484.3621031
f0401,1989,12,TRUE,2085.867414,FALSE,0.023318046,2.763154899,13.13415902,FALSE,0.353279182,0.472931936,FALSE,FALSE,0.004280944,,,,,
f2000,1989,7,,2094.3364,,0.1012,0,9.6569,,0.35631,,,,,,,,,
f6022,1988,11,,2105.664,,,0,4.8,,,,,,,,,,,474.91
f1043,1988,12,,2108.9381,,0.0051,0,4.4961,,,,,,,,,,,474.172286
f1127,1988,10,,2119.102,,0.2617,0,1.4795,,,,,,,,,,,471.8980021
f8103,2013,8,TRUE,2127.542158,FALSE,0.377689339,6.961304592,15.19588563,FALSE,1.026584606,0.80049105,FALSE,FALSE,0.010819736,,,,,
f0504,1989,11,TRUE,2131.346831,FALSE,0.032943827,3.381870344,8.327154636,FALSE,0.364966038,0.501394467,FALSE,FALSE,0.006976133,,,,,
f2611,1991,12,TRUE,2137.920333,FALSE,0.167450741,4.171581856,5.133698384,FALSE,0.55641701,0.70267832,FALSE,FALSE,0.017436376,,,,,
f1128,1988,10,,2155.8137,,0.1873,0,1.7053,,,,,,,,,,,463.8619747
f1044,1988,12,,2165.4195,,0.0073,0,3.1921,,,,,,,f1045,5.9788,,,461.8042832
f1045,1988,12,,2171.3983,,0.0107,0,2.4774,,,,,,,f1044,5.9788,,,460.532736
f9245,2022,9,TRUE,2176.219151,FALSE,0.019416165,0.664442269,0.794717192,FALSE,0.069254692,0.737185748,FALSE,FALSE,0.013874353,,,,,
f8195,2013,0,,2187.0818,,0.0378,0,2.2256,,0.22507,,,,,f8159,2.2838,,,457.2302691
f8159,2013,0,,2189.3656,,0.0339,0,2.3802,,0.22009,,,,,f8195,2.2838,,,456.753317
f1129,1988,10,,2193.2797,,0.1506,0,2.207,,,,,,,,,,,455.9382007
f0617,1989,10,TRUE,2197.867679,FALSE,0.043498629,1.792425168,2.328854446,FALSE,0.219988168,0.446313826,FALSE,FALSE,0.015008647,,,,,
f0216,1985,10,TRUE,2218.537759,FALSE,0.040447649,4.710128817,4.983991439,FALSE,0.507826995,0.560675963,FALSE,FALSE,0.016058804,,,,,
f4118,2003,0,TRUE,2258.838027,FALSE,0.051850604,2.283799702,2.75049094,FALSE,0.329707063,0.997164171,FALSE,FALSE,0.019077442,,,,,
f2007,1989,7,,2260.7306,,0.1817,0,5.169,,0.35171,,,,,,,,,
f9246,2022,9,TRUE,2270.779621,FALSE,0.022523545,0.664442269,0.685055386,FALSE,0.069256397,0.120135222,FALSE,FALSE,0.016095453,,,,,
f1048,1988,12,,2277.3655,,0.0065,0,2.9886,,,,,,,,,,,439.103868
f1112,1990,8,TRUE,2277.556016,FALSE,0.089585135,2.452934811,3.495138921,FALSE,0.392581695,0.94644359,FALSE,FALSE,0.01787936,,,,,
f1131,1988,10,,2281.0397,,0.5088,0,0.94132,,,,,,,f1130,7.7064,,,438.3965785
f8143,2013,0,,2293.4403,,0.0271,0,3.0268,,0.21689,,,,,"f8136, f8184","4.1315999999997, 3.316399999999703",,,436.0261743
f8184,2013,0,,2296.7567,,0.0375,0,2.5649,,0.23245,,,,,"f8136, f8143","0.815200000000004, 3.316399999999703",,,435.3965747
f8136,2013,0,,2297.5719,,0.03,0,3.1172,,0.2375,,,,,"f8143, f8184","4.1315999999997075, 0.8152000000000044",,,435.2420919
f0141,1985,9,TRUE,2298.799583,FALSE,0.278358585,3.93177497,5.564112745,FALSE,0.835913138,0.125862058,FALSE,FALSE,0.023876057,,,,,
f2506,1991,11,TRUE,2302.173411,FALSE,0.048213919,2.161875091,6.289928467,FALSE,0.257702477,0.135451569,FALSE,FALSE,0.006526336,,,,,
f4119,2003,0,TRUE,2303.799697,FALSE,0.054423517,2.283799702,2.620139681,FALSE,0.329763226,0.844907068,FALSE,FALSE,0.020001969,,,,,
f2404,1991,10,TRUE,2304.54841,FALSE,0.139940998,2.956300422,9.348805215,FALSE,0.374596397,0.572616003,FALSE,FALSE,0.0063736,,,,,
f1202,1990,6,TRUE,2304.62508,FALSE,0.246902967,4.478421347,10.15367348,FALSE,0.592642913,0.010534346,FALSE,FALSE,0.010355248,,,,,
f0205,1985,10,TRUE,2316.089538,FALSE,0.01859702,4.710128817,10.83141349,FALSE,0.507763258,0.387931059,FALSE,FALSE,0.007380161,,,,,
f0119,1985,9,TRUE,2317.827062,FALSE,0.223207865,3.93177497,6.874753221,FALSE,0.834003821,0.749717735,FALSE,FALSE,0.019180408,,,,,
f1113,1990,8,TRUE,2321.090688,FALSE,0.090029089,2.452934811,3.494306823,FALSE,0.393376463,0.311274916,FALSE,FALSE,0.017993892,,,,,
f9205,2022,9,TRUE,2322.681468,FALSE,0.015555354,0.664442269,0.992693322,FALSE,0.069319401,0.428881319,FALSE,FALSE,0.011118397,f9231,5.631433754,,,
f2303,1991,9,TRUE,2323.292707,FALSE,0.030282659,3.814605342,10.88078542,FALSE,0.28600941,0.548636482,FALSE,FALSE,0.004281025,,,,,
f8204,2017,10,TRUE,2324.409059,FALSE,0.052155055,4.970141408,12.72145494,FALSE,1.052423211,0.367304377,FALSE,FALSE,0.01323441,,,,,
f8132,2013,0,,2324.8692,,0.0247,0,4.5903,,0.27432,,,,,"f8122, f8149","0.92430000000013, 1.3045999999999367",,,430.1317253
f9231,2022,9,TRUE,2328.312901,FALSE,0.016962352,0.664442269,0.910327417,FALSE,0.069319867,0.147513611,FALSE,FALSE,0.012124205,f9205,5.631433754,,,
f1049,1988,12,,2332.2183,,0.0111,0,1.6463,,,,,,,,,,,428.7763285
f1502,1990,11,TRUE,2332.624298,FALSE,0.046197897,3.975933877,9.655651743,FALSE,0.396372577,0.057271911,FALSE,FALSE,0.00652364,,,,,
f1603,1990,12,TRUE,2333.946042,FALSE,0.137911029,4.81294557,10.7719364,FALSE,0.747220384,0.569721803,FALSE,FALSE,0.011027917,,,,,
f8128,2013,0,,2340.6922,,0.0207,0,4.126,,0.23108,,,,,,,,,427.2240494
f1406,1990,10,TRUE,2351.606765,FALSE,0.013967944,3.552673163,9.004929289,FALSE,0.56278551,0.149648815,FALSE,FALSE,0.009938435,,,,,
f8168,2013,0,,2351.8389,,0.0284,0,2.8964,,0.22917,,,,,f8183,7.9931,,,425.199192
f0118,1985,9,TRUE,2359.204269,FALSE,0.178489879,3.93177497,7.037948003,FALSE,0.820769041,0.736229592,FALSE,FALSE,0.018576582,,,,,
f8183,2013,0,,2359.832,,0.0373,0,2.0839,,0.2166,,,,,f8168,7.9931,,,423.7589795
f4004,1994,5,TRUE,2363.657547,FALSE,0.32312633,9.062693998,14.64464565,FALSE,2.10961932,0.510902719,FALSE,FALSE,0.022909412,,,,,
f1203,1990,6,TRUE,2365.962762,FALSE,0.275978582,4.478421347,9.186842031,FALSE,0.651218333,0.636450182,FALSE,FALSE,0.012399954,,,,,
f2302,1991,9,TRUE,2376.626085,FALSE,0.025007477,3.814605342,13.4622661,FALSE,0.286859814,0.767200861,FALSE,FALSE,0.003502167,,,,,
f1109,1990,8,TRUE,2383.943606,FALSE,0.048664087,2.452934811,6.380703971,FALSE,0.393000956,0.018917411,FALSE,FALSE,0.009823428,,,,,
f3308,1993,11,TRUE,2400.194694,FALSE,0.114423607,3.717362656,7.5558483,FALSE,0.473558809,0.547169943,FALSE,FALSE,0.010064259,,,,,
f2406,1991,10,TRUE,2405.768472,FALSE,0.190819461,2.956300422,6.893428992,FALSE,0.376522396,0.171291762,FALSE,FALSE,0.00863958,,,,,
f0414,1989,12,TRUE,2412.487398,FALSE,0.092738362,2.763154899,3.400661138,FALSE,0.360378472,0.727846154,FALSE,FALSE,0.016819492,,,,,
f2102,1991,1,TRUE,2416.217432,FALSE,4.730040746,11.9400935,23.38820828,FALSE,1.256614011,0.249225464,FALSE,FALSE,0.008419879,,,,,
f2602,1991,12,TRUE,2417.89822,FALSE,0.069393437,4.171581856,12.43080668,FALSE,0.556037101,0.614468781,FALSE,FALSE,0.007227251,,,,,
f1205,1990,6,TRUE,2438.408883,FALSE,0.303404988,4.478421347,7.399092673,FALSE,0.634369795,0.553637555,FALSE,FALSE,0.014802253,,,,,
f1132,1988,10,,2446.4661,,0.2822,0,0.84943,,,,,,,,,,,408.7528538
f4106,2003,0,TRUE,2456.347334,FALSE,0.01430547,2.283799702,9.903648464,FALSE,0.329967806,0.23555471,FALSE,FALSE,0.005277378,,,,,
f2502,1991,11,TRUE,2461.965185,FALSE,0.025282368,2.161875091,11.9854894,FALSE,0.25780593,0.292357718,FALSE,FALSE,0.003423614,,,,,
f1051,1988,12,,2472.9801,,0.0109,0,2.8497,,,,,,,,,,,404.3704193
f2306,1991,9,TRUE,2480.747801,FALSE,0.051326089,3.814605342,6.229095217,FALSE,0.284228055,0.867790591,FALSE,FALSE,0.007416851,,,,,
f8174,2013,0,,2486.907,,0.0342,0,2.3776,,0.21577,,,,,f8117,5.3284,,,402.1059091
f2101,1991,7,TRUE,2488.011196,FALSE,1.361741155,4.822327841,16.59752392,FALSE,0.411777214,0.53817237,FALSE,FALSE,0.003915552,,,,,
f1604,1990,12,TRUE,2490.864374,FALSE,0.13549661,4.81294557,10.91201836,FALSE,0.747232313,0.394855662,FALSE,FALSE,0.010844409,,,,,
f0108,1985,9,TRUE,2491.089608,FALSE,0.132188024,3.93177497,9.966867454,FALSE,0.823502543,0.31678408,FALSE,FALSE,0.013946599,f0140,6.279925965,,,
f0405,1989,12,TRUE,2491.548228,FALSE,0.038962246,2.763154899,8.344734127,FALSE,0.369428878,0.66185978,FALSE,FALSE,0.006947572,,,,,
f9006,2018,0,,2492.05,,0.03,0,5.7,,0.5,,,,,,,,,
f6023,1988,11,,2492.094,,,0,5.6,,,,,,,"f6024, f6025","5.346, 10.692",,,401.269
f6007,1985,8,,2492.16,,,0,4.4,,,,,,,"f6008, f6009","5.28, 10.36",,,401.258
f9206,2022,9,TRUE,2492.188788,FALSE,0.006489036,0.664442269,2.380685738,FALSE,0.069361478,0.509350656,FALSE,FALSE,0.004633345,f9208,4.991580805,,,
f7030,2008,9,TRUE,2492.205861,,0.78797499,0,5.52041418,,,,,,,,,,,401.2509624
f8117,2013,0,,2492.2354,,0.0151,0,4.9815,,0.2181,,,,,f8174,5.3284,,,401.2462065
f8009,2012,0,TRUE,2492.255313,FALSE,0.022508075,1.968314894,4.75079583,FALSE,0.30948761,0.803988468,FALSE,FALSE,0.010363287,,,,,
f6037,1989,9,,2492.268,,,0,9.7,,,,,,,"f6038, f6039","4.85, 9.815",,,401.241
f9109,2021,8,TRUE,2492.400081,FALSE,0.003926444,0.9027398,5.20161735,FALSE,0.08729029,0.427115099,FALSE,FALSE,0.002672204,"f9120, f9121","4.77460993973636, 9.574390404731275",,,
f9012,2020,0,,2492.41,,0.01,0,9.3,,0.3,,,,,,,,,
f6066,1993,9,,2492.412,,,0,6,,,,,,,f6067,9.36,,,401.218
f0301,1989,8,TRUE,2492.427093,FALSE,0.013432724,1.81786994,8.656262962,FALSE,0.248984658,0.581995498,FALSE,FALSE,0.00457817,,,,,
f0602,1989,10,TRUE,2492.429777,FALSE,0.013727064,1.792425168,7.380608684,FALSE,0.21976814,0.471184466,FALSE,FALSE,0.004737452,,,,,
f0502,1989,11,TRUE,2492.495159,FALSE,0.027431038,3.381870344,9.998138294,FALSE,0.363715405,0.116731673,FALSE,FALSE,0.005810798,,,,,
f1504,1990,11,TRUE,2492.599713,FALSE,0.043982093,3.975933877,10.22513705,FALSE,0.394373317,0.824721192,FALSE,FALSE,0.006146695,,,,,
f6052,1992,9,,2492.82,,,0,11.2,,,,,,,f6053,8.8,,,401.152
f3406,1993,12,TRUE,2493.389279,FALSE,0.101446778,3.47641073,6.052509512,FALSE,0.460448819,0.933682608,FALSE,FALSE,0.012152408,,,,,
f2003,1989,7,,2494.7258,,0.1363,0,6.7573,,0.35113,,,,,,,,,
f8107,2013,8,TRUE,2494.769167,FALSE,0.479826205,6.961304592,11.83008595,FALSE,1.030211255,0.032187614,FALSE,FALSE,0.01381861,,,,,
f0008,1975,0,TRUE,2495.029377,FALSE,2.906712564,4.894468264,10.75944892,FALSE,1.138348763,0.652877587,FALSE,FALSE,0.016732336,,,,,
f6038,1989,9,,2497.118,,,0,1.3,,,,,,,"f6037, f6039","4.85, 4.965",,,400.462
f9120,2021,8,TRUE,2497.174691,FALSE,0.014112568,0.9027398,1.453157247,FALSE,0.087469928,0.685044702,FALSE,FALSE,0.009569839,"f9109, f9121","4.774609939736365, 4.79978046499491",,,
f9208,2022,9,TRUE,2497.180369,FALSE,0.014545187,0.664442269,1.062345817,FALSE,0.069345849,0.526203223,FALSE,FALSE,0.010385836,"f9206, f9207","4.99158080491906, 5.097758481834717",,,
f0140,1985,9,TRUE,2497.387046,FALSE,0.167239201,3.93177497,8.029761816,FALSE,0.823856258,0.783403569,FALSE,FALSE,0.017311841,f0108,6.279925965,,,
f6008,1985,8,,2497.44,,,0,7,,,,,,,"f6007, f6009","5.28, 5.08",,,400.41
f6024,1988,11,,2497.44,,,0,5.8,,,,,,,"f6023, f6025","5.346, 5.346",,,400.41
f0206,1985,10,TRUE,2499.457902,FALSE,0.020534506,4.710128817,9.728201581,FALSE,0.503347807,0.837872558,FALSE,FALSE,0.008173795,,,,,
f6053,1992,9,,2501.62,,,0,4.5,,,,,,,f6052,8.8,,,399.741
f6067,1993,9,,2501.772,,,0,5.7,,,,,,,f6066,9.36,,,399.717
f9121,2021,8,TRUE,2501.974471,FALSE,0.014851997,0.9027398,1.38051213,FALSE,0.087327131,0.746048009,FALSE,FALSE,0.01006921,"f9109, f9120","9.574390404731275, 4.79978046499491",,,
f6039,1989,9,,2502.083,,,0,4.9,,,,,,,"f6037, f6038","9.815, 4.965",,,399.667
f4104,2003,0,TRUE,2502.236142,FALSE,0.012753619,2.283799702,11.13871661,FALSE,0.330266057,0.616608356,FALSE,FALSE,0.004698661,,,,,
f9207,2022,9,TRUE,2502.278127,FALSE,0.006591214,0.664442269,2.342288675,FALSE,0.069284404,0.244869394,FALSE,FALSE,0.004711591,f9208,5.097758482,,,
f7031,2008,9,TRUE,2502.284894,,0.68579671,0,11.73102831,,,,,,,,,,,399.6347509
f8139,2013,0,,2502.2949,,0.0269,0,3.0674,,0.22361,,,,,,,,,399.6331528
f6009,1985,8,,2502.52,,,0,8.8,,,,,,,"f6007, f6008","10.36, 5.08",,,399.613
f6025,1988,11,,2502.786,,,0,10,,,,,,,"f6023, f6024","10.692, 5.346",,,399.555
f2403,1991,10,TRUE,2502.80662,FALSE,0.126123839,2.956300422,10.40015988,FALSE,0.37464964,0.802177113,FALSE,FALSE,0.005677576,,,,,
f1052,1988,12,,2502.8417,,0.0039,0,5.2572,,,,,,,,,,,399.5458442
f1133,1988,10,,2503.0429,,0.3004,0,0.99527,,,,,,,,,,,399.5137279
f1102,1990,8,TRUE,2503.933971,FALSE,0.031045425,2.452934811,9.954299751,FALSE,0.391554261,0.120229306,FALSE,FALSE,0.006255218,,,,,
f3305,1993,11,TRUE,2503.979968,FALSE,0.101149533,3.717362656,9.146679812,FALSE,0.47999325,0.975778702,FALSE,FALSE,0.008309973,,,,,
f1405,1990,10,TRUE,2504.03978,FALSE,0.012692377,3.552673163,9.907962012,FALSE,0.56231418,0.057896685,FALSE,FALSE,0.009030875,,,,,
f1201,1990,6,TRUE,2507.211135,FALSE,0.419431304,4.478421347,5.014886693,FALSE,0.645597986,0.055087467,FALSE,FALSE,0.019664319,,,,,
f3201,1993,7,TRUE,2511.398076,FALSE,9.511614783,7.980671967,13.82560971,FALSE,0.772764035,0.206977596,FALSE,FALSE,0.008863138,,,,,
f1134,1988,10,,2520.4573,,0.1731,0,1.6316,,,,,,,,,,,396.7533987
f1053,1988,12,,2523.0808,,0.0096,0,2.8256,,,,,,,,,,,396.3408544
f1054,1988,12,,2553.2717,,0.0082,0,2.5918,,,,,,,,,,,391.6543625
f0412,1989,12,TRUE,2583.556194,FALSE,0.091013983,2.763154899,3.460029902,FALSE,0.366005033,0.894632518,FALSE,FALSE,0.016361206,,,,,
f3306,1993,11,TRUE,2586.311616,FALSE,0.118924211,3.717362656,7.651330359,FALSE,0.479225208,0.399314424,FALSE,FALSE,0.009837482,,,,,
f8182,2013,0,,2591.7969,,0.0345,0,2.1157,,0.21094,,,,,,,,,385.8327016
f9247,2022,9,TRUE,2594.975089,FALSE,0.020424869,0.664442269,0.755492431,FALSE,0.069261752,0.214092813,FALSE,FALSE,0.014597174,,,,,
f9108,2021,8,TRUE,2598.082337,FALSE,0.017512288,0.9027398,1.164808191,FALSE,0.087140404,0.746585204,FALSE,FALSE,0.011914412,,,,,
f4008,1994,5,TRUE,2603.976012,FALSE,0.407830783,9.062693998,11.63959213,FALSE,2.153019274,0.8964147,FALSE,FALSE,0.029646119,,,,,
f8165,2013,0,,2609.3057,,0.031,0,2.4845,,0.21827,,,,,,,,,383.2437112
f8140,2013,0,,2625.2376,,0.0281,0,2.8334,,0.21784,,,,,,,,,380.9179024
f1511,1990,11,TRUE,2636.342625,FALSE,0.089172619,3.975933877,5.055123181,FALSE,0.393666895,0.847066777,FALSE,FALSE,0.012512213,,,,,
f4112,2003,0,TRUE,2640.273938,FALSE,0.033160182,2.283799702,4.28267069,FALSE,0.329222722,0.036515197,FALSE,FALSE,0.012234814,,,,,
f9204,2022,9,TRUE,2642.66239,FALSE,0.011013288,0.664442269,1.402345917,FALSE,0.069272199,0.011928102,FALSE,FALSE,0.007864571,f9201+f9202,7.876731875,,,
f1135,1988,10,,2683.8181,,0.2086,0,1.0608,,,,,,,,,,,372.6034935
f4111,2003,0,TRUE,2687.525604,FALSE,0.028499566,2.283799702,4.985302364,FALSE,0.329460514,0.456993667,FALSE,FALSE,0.010494016,,,,,
f3321,1993,11,TRUE,2688.796884,FALSE,0.196417655,3.717362656,4.377789076,FALSE,0.471780956,0.044921079,FALSE,FALSE,0.017156917,,,,,
f1055,1988,12,,2691.6567,,0.0189,0,1.4655,,,,,,,f1056,1.6937,,,371.5184035
f8017,2012,0,TRUE,2693.028551,FALSE,0.030675532,1.968314894,3.483265519,FALSE,0.309168514,0.869704167,FALSE,FALSE,0.014129914,,,,,
f8133,2013,0,,2693.0435,,0.0221,0,3.3647,,0.2105,,,,,f8176,9.4614,,,371.3270877
f8208,2017,10,TRUE,2693.137874,FALSE,0.081119496,4.970141408,8.173069522,FALSE,1.054127226,0.940501646,FALSE,FALSE,0.020549356,,,,,
f1056,1988,12,,2693.3504,,0.0199,0,1.3699,,,,,,,f1055,1.6937,,,371.284776
f9248,2022,9,TRUE,2695.09794,FALSE,0.02046807,0.664442269,0.755171153,FALSE,0.069287134,0.713686373,FALSE,FALSE,0.014632191,f9249,2.739680005,,,
f9249,2022,9,TRUE,2697.83762,FALSE,0.022190035,0.664442269,0.69653416,FALSE,0.069284875,0.905466297,FALSE,FALSE,0.01586314,f9248,2.739680005,,,
f0005,1975,0,TRUE,2699.999055,FALSE,2.198244619,4.894468264,14.43339457,FALSE,1.147947987,0.044734669,FALSE,FALSE,0.01248694,,,,,
f8176,2013,0,,2702.5049,,0.0332,0,2.2314,,0.21159,,,,,f8133,9.4614,,,370.0270812
f8181,2013,0,,2757.1521,,0.0336,0,2.1768,,0.21113,,,,,,,,,362.6930847
f1057,1988,12,,2761.0431,,0.0073,0,2.4961,,,,,,,,,,,362.1819594
f0139,1985,9,TRUE,2771.519384,FALSE,0.183183095,3.93177497,7.266750265,FALSE,0.843039483,0.905672728,FALSE,FALSE,0.018732227,,,,,
f0204,1985,10,TRUE,2777.387717,FALSE,0.021264623,4.710128817,9.629004511,FALSE,0.501910078,0.55372098,FALSE,FALSE,0.008452897,,,,,
f1136,1988,10,,2780.9158,,0.7969,0,0.73626,,,,,,,,,,,359.5937712
f0104,1985,9,TRUE,2791.782189,FALSE,0.104129917,3.93177497,12.68949599,FALSE,0.840769724,0.057087962,FALSE,FALSE,0.010748275,,,,,
f1137,1988,10,,2797.8721,,0.4156,0,1.4138,,,,,,,,,,,357.4144794
f4016,1994,5,TRUE,2799.529756,FALSE,0.385561837,9.062693998,12.37278056,FALSE,2.165387731,0.393739424,FALSE,FALSE,0.027921615,,,,,
f8164,2013,0,,2801.5223,,0.0304,0,2.3856,,0.20937,,,,,,,,,356.9487917
f0120,1985,9,TRUE,2822.762621,FALSE,0.16251362,3.93177497,7.712771732,FALSE,0.83038958,0.540217963,FALSE,FALSE,0.01688078,,,,,
f9116,2021,8,TRUE,2825.685475,FALSE,0.021343343,0.9027398,0.955233588,FALSE,0.087141023,0.491630957,FALSE,FALSE,0.01452243,,,,,
f4110,2003,0,TRUE,2828.884526,FALSE,0.033989616,2.283799702,4.147218387,FALSE,0.327184334,0.209238403,FALSE,FALSE,0.012574741,,,,,
f1058,1988,12,,2839.5208,,0.0113,0,1.6985,,,,,,,,,,,352.1720989
f3407,1993,12,TRUE,2845.913142,FALSE,0.108865234,3.47641073,5.822157216,FALSE,0.461007185,0.726816455,FALSE,FALSE,0.013055058,,,,,
f0010,1975,0,TRUE,2886.799457,FALSE,4.323175323,4.894468264,7.506278053,FALSE,1.154911746,0.789460232,FALSE,FALSE,0.024459479,,,,,
f1059,1988,12,,2890.8395,,0.0138,0,1.3723,,,,,,,,,,,345.9202768
f9117,2021,8,TRUE,2930.005754,FALSE,0.021088016,0.9027398,0.967410237,FALSE,0.087146928,0.010595249,FALSE,FALSE,0.014349774,,,,,
f3310,1993,11,TRUE,2931.652292,FALSE,0.134375446,3.717362656,6.302657551,FALSE,0.472390515,0.957907422,FALSE,FALSE,0.011923634,,,,,
f1060,1988,12,,3018.1701,,0.0091,0,1.9472,,,,,,,,,,,331.3265876
f0006,1975,0,TRUE,3039.116955,FALSE,2.584056964,4.894468264,12.42709568,FALSE,1.152481761,0.810410081,FALSE,FALSE,0.014503581,,,,,
f0416,1989,12,TRUE,3073.615157,FALSE,0.109304737,2.763154899,2.802266297,FALSE,0.353675283,0.90921531,FALSE,FALSE,0.020096378,,,,,
f1061,1988,12,,3098.907,,0.0124,0,1.4259,,,,,,,,,,,322.694421
f3309,1993,11,TRUE,3107.220324,FALSE,0.120722543,3.717362656,7.003630309,FALSE,0.471828333,0.781259165,FALSE,FALSE,0.010727181,,,,,
f9115,2021,8,TRUE,3107.922434,FALSE,0.016294918,0.9027398,1.252656467,FALSE,0.087149038,0.091628454,FALSE,FALSE,0.011088648,,,,,
f3405,1993,12,TRUE,3108.084508,FALSE,0.097577834,3.47641073,6.245334787,FALSE,0.462241263,0.796101618,FALSE,FALSE,0.011700763,,,,,
f9250,2022,9,TRUE,3126.223948,FALSE,0.023178328,0.664442269,0.665739547,FALSE,0.069289848,0.220145214,FALSE,FALSE,0.01657222,,,,,
f9251,2022,9,TRUE,3158.851046,FALSE,0.020028418,0.664442269,0.771011745,FALSE,0.069298537,0.922251574,FALSE,FALSE,0.014311489,f9200+f9202,7.822510321,,,
f8212,2017,10,TRUE,3161.482612,FALSE,0.132224142,4.970141408,5.010402269,FALSE,1.053719738,0.024913185,FALSE,FALSE,0.033512653,,,,,
f8160,2013,0,,3162.6284,,0.0282,0,2.5702,,0.21274,,,,,,,,,316.1926959
f0415,1989,12,TRUE,3218.886378,FALSE,0.100249717,2.763154899,3.045677426,FALSE,0.353465731,0.442301996,FALSE,FALSE,0.018438905,,,,,
f1063,1988,12,,3248.2569,,0.01,0,2.3568,,,,,,,f1064,3.0607,,,307.8574235
f3203,1993,7,TRUE,3255.100735,FALSE,14.42167998,7.980671967,9.324310679,FALSE,0.767197651,0.661792567,FALSE,FALSE,0.01345048,,,,,
f0209,1985,10,TRUE,3255.130994,FALSE,0.028387632,4.710128817,7.056042969,FALSE,0.499956779,0.301217473,FALSE,FALSE,0.011276213,,,,,
f0009,1975,0,TRUE,3259.261944,FALSE,3.156876066,4.894468264,10.04660852,FALSE,1.133148807,0.368816643,FALSE,FALSE,0.017992354,,,,,
f0122,1985,9,TRUE,3266.732579,FALSE,0.255583023,3.93177497,4.838010671,FALSE,0.816834283,0.742065604,FALSE,FALSE,0.026932771,,,,,
f3404,1993,12,TRUE,3275.348877,FALSE,0.074136514,3.47641073,8.268610193,FALSE,0.461325122,0.73026466,FALSE,FALSE,0.008885319,,,,,
f3312,1993,11,TRUE,3275.439366,FALSE,0.129693788,3.717362656,6.497596735,FALSE,0.47171157,0.839952657,FALSE,FALSE,0.011551156,,,,,
f8110,2013,8,TRUE,3275.732083,FALSE,0.787454795,6.961304592,7.233811917,FALSE,1.026831084,0.826779213,FALSE,FALSE,0.022655956,,,,,
f3106,1993,8,TRUE,3306.037018,FALSE,0.056334107,3.805958502,5.347295012,FALSE,0.386137962,0.810993837,FALSE,FALSE,0.011921059,,,,,
f9252,2022,9,TRUE,3335.518896,FALSE,0.011117959,0.664442269,1.387744822,FALSE,0.069282991,0.725514506,FALSE,FALSE,0.007949546,,,,,
f1140,1988,10,,3372.2393,,0.4285,0,0.58582,,,,,,,,,,,296.5388607
f1141,1988,10,,3397.9252,,0.2456,0,1.0133,,,,,,,,,,,294.2972376
f1065,1988,12,,3428.095,,0.011,0,1.5781,,,,,,,,,,,291.7072018
f9253,2022,9,TRUE,3434.562479,FALSE,0.022709979,0.664442269,0.679411507,FALSE,0.069283475,0.295012946,FALSE,FALSE,0.016239005,,,,,
f8185,2013,0,,3460.7136,,0.036,0,1.9992,,0.20815,,,,,,,,,288.9577456
f0619,1989,10,TRUE,3464.308771,FALSE,0.034877449,1.792425168,2.917697766,FALSE,0.219647554,0.301894844,FALSE,FALSE,0.012045363,,,,,
f3102,1993,8,TRUE,3472.19419,FALSE,0.039789328,3.805958502,8.046251579,FALSE,0.385354921,0.32207838,FALSE,FALSE,0.008420047,,,,,
f2307,1991,9,TRUE,3484.011691,FALSE,0.051070768,3.814605342,6.119925826,FALSE,0.292419628,0.777432533,FALSE,FALSE,0.007586538,,,,,
f0211,1985,10,TRUE,3495.067972,FALSE,0.037331918,4.710128817,5.312355389,FALSE,0.500404408,0.046913731,FALSE,FALSE,0.014826368,,,,,
f0302,1989,8,TRUE,3511.220969,FALSE,0.019401474,1.81786994,6.003397286,FALSE,0.249802293,0.094042296,FALSE,FALSE,0.006641806,,,,,
f2105,1991,7,TRUE,3514.353489,FALSE,3.274895843,4.822327841,7.670582593,FALSE,0.424285105,0.558308261,FALSE,FALSE,0.008667655,,,,,
f2405,1991,10,TRUE,3521.537592,FALSE,0.182585366,2.956300422,7.375759292,FALSE,0.380326694,0.507819724,FALSE,FALSE,0.008045578,,,,,
f2002,1989,7,,3522.411,,0.1086,0,8.4414,,0.35043,,,,,,,,,
f0505,1989,11,TRUE,3522.504475,FALSE,0.042420066,3.381870344,6.387806189,FALSE,0.362529113,0.989851257,FALSE,FALSE,0.009058621,,,,,
f0123,1985,9,TRUE,3522.703881,FALSE,0.246351698,3.93177497,5.02844498,FALSE,0.814730461,0.845453048,FALSE,FALSE,0.025819126,,,,,
f1103,1990,8,TRUE,3522.716654,FALSE,0.051009089,2.452934811,6.03489566,FALSE,0.390649173,0.586382045,FALSE,FALSE,0.010302055,,,,,
f6041,1989,9,,3522.726,,,0,6.4,,,,,,,,,,,283.871
f6054,1992,9,,3522.75,,,0,6.9,,,,,,,,,,,283.869
f1407,1990,10,TRUE,3522.75399,FALSE,0.032451784,3.552673163,3.872058178,FALSE,0.561987992,0.470722151,FALSE,FALSE,0.023105587,,,,,
f9110,2021,8,TRUE,3522.767925,FALSE,0.006193673,0.9027398,3.293741705,FALSE,0.087161831,0.333386822,FALSE,FALSE,0.00421555,,,,,
f0604,1989,10,TRUE,3522.777897,FALSE,0.017764681,1.792425168,5.728372212,FALSE,0.219683368,0.923898089,FALSE,FALSE,0.006135272,,,,,
f9019,2020,0,,3522.78,,0.02,0,5.6,,0.3,,,,,,,,,
f7032,2008,9,TRUE,3522.792639,,0.00294821,0,3.3282586,,,,,,,,,,,283.8657005
f1507,1990,11,TRUE,3522.803611,FALSE,0.077692869,3.975933877,6.072687263,FALSE,0.394155672,0.473585523,FALSE,FALSE,0.010932562,,,,,
f8153,2013,0,,3522.8102,,0.0264,0,2.7263,,0.2079,,,,,,,,,283.8642854
f6029,1988,11,,3522.816,,,0,3.5,,,,,,,,,,,283.864
f8013,2012,0,TRUE,3522.824071,FALSE,0.039261774,1.968314894,2.721007187,FALSE,0.308707809,0.094194091,FALSE,FALSE,0.018082256,,,,,
f4114,2003,0,TRUE,3522.851609,FALSE,0.050046881,2.283799702,2.816254705,FALSE,0.327380778,0.202807034,FALSE,FALSE,0.018530945,,,,,
f6013,1985,8,,3522.9,,,0,3.5,,,,,,,,,,,283.857
f0407,1989,12,TRUE,3522.926078,FALSE,0.043089993,2.763154899,6.586424253,FALSE,0.353239844,0.767834347,FALSE,FALSE,0.007928904,,,,,
f6074,1993,9,,3522.948,,,0,3.6,,,,,,,,,,,283.853
f2507,1991,11,TRUE,3523.274531,FALSE,0.057550501,2.161875091,5.273007914,FALSE,0.257819116,0.213466234,FALSE,FALSE,0.007795891,,,,,
f1207,1990,6,TRUE,3528.504045,FALSE,0.426096398,4.478421347,4.765187431,FALSE,0.55209404,0.393895424,FALSE,FALSE,0.018460869,,,,,
f2608,1991,12,TRUE,3534.496819,FALSE,0.139937048,4.171581856,5.601599799,FALSE,0.554200571,0.807823627,FALSE,FALSE,0.01464401,,,,,
f2304,1991,9,TRUE,3541.810931,FALSE,0.03812878,3.814605342,8.206604256,FALSE,0.293260857,0.845789925,FALSE,FALSE,0.005745597,,,,,
f1066,1988,12,,3546.0658,,0.0094,0,2.2143,,,,,,,,,,,282.0026634
f1142,1988,10,,3584.9301,,0.1893,0,1.4193,,,,,,,,,,,278.9454668
f1067,1988,12,,3596.3737,,0.0156,0,1.6507,,,,,,,,,,,278.057867
f2414,1991,10,TRUE,3600.380581,FALSE,0.349322429,2.956300422,3.837928699,FALSE,0.380805136,0.22610772,FALSE,FALSE,0.01542283,,,,,